<?xml version="1.0" encoding="utf-8"?>
<!DOCTYPE hibernate-configuration PUBLIC "-//Hibernate/Hibernate Configuration DTD 3.0//EN" 
										 "http://hibernate.sourceforge.net/hibernate-configuration-3.0.dtd">

<hibernate-configuration>
	<session-factory>

		<!-- SQL Dialect -->
		<property name="dialect">org.hibernate.dialect.MySQL5Dialect</property>

		<!-- Database Connection Settings -->
		<property name="connection.driver_class">com.mysql.jdbc.Driver</property>
		<property name="connection.url">jdbc:mysql://localhost/acq_hibernate</property>
		<property name="connection.username">nkidder</property>
		<property name="connection.password">wlypb</property>
		<property name="connection.shutdown">true</property>

		<!-- JDBC connection pool size -->
		<property name="connection_pool_size">1</property>

		<!-- enable Hibernate's automatic session management -->
		<property name="current_session_context_class">thread</property>

		<!-- Disable the second-level cache -->
		<property name="cache.provider_class">org.hibernate.cache.NoCacheProvider</property>

		<!-- Disable batching so MySQL will propagate errors correctly -->
		<property name="jdbc.batch_size">0</property>

		<!-- Log all SQL commands -->
		<property name="show_sql">false</property>

		<!-- List all the mapping documents we will use -->
		<mapping class="com.acq.data.Acquantance"/>

	</session-factory>
</hibernate-configuration>
