<?xml version="1.0" encoding="utf-8"?>
<!DOCTYPE hibernate-configuration PUBLIC "-//Hibernate/Hibernate Configuration DTD 3.0//EN" 
										 "http://hibernate.sourceforge.net/hibernate-configuration-3.0.dtd">

<hibernate-configuration>
	<session-factory>

		<!-- SQL Dialect -->
		<property name="dialect">org.hibernate.dialect.HSQLDialect</property>

		<!-- Database Connection Settings -->
		<property name="connection.driver_class">org.hsqldb.jdbcDriver</property>
		<property name="connection.url">jdbc:hsqldb:data/music</property>
		<property name="connection.username">sa</property>
		<property name="connection.password"></property>
		<property name="connection.shutdown">true</property>

		<!-- JDBC connection pool (use the built-in one) -->
		<property name="connection_pool_size">1</property>

		<!-- Enable Hibernate's automatic session context management -->
		<property name="current_session_context_class">thread</property>

		<!-- Disable the second-level cache -->
		<property name="cache.provider_class">org.hibernate.cache.NoCacheProvider</property>

		<!-- disable batching so HSQLDB will propagate errors correctly -->
		<property name="jdbc.batch_size">0</property>

		<!-- Echo all executed SQL to stdout -->
		<property name="show_sql">false</property>

		<!-- List all the mapping documents we're using -->
		<mapping resource="com/oreilly/hh/data/Track.hbm.xml"/>
		<mapping resource="com/oreilly/hh/data/Artist.hbm.xml"/>
		<mapping resource="com/oreilly/hh/data/Album.hbm.xml"/>
		
	</session-factory>
</hibernate-configuration>
